<?xml version="1.0" encoding="UTF-8" standalone="no"?>
<demandeDeLivraisons>
<entrepot adresse="51" heureDepart="8:0:0"/>
<livraison adresse="95" debutPlage="11:0:0" duree="600" finPlage="13:0:0"/>
<livraison adresse="39" duree="900"/>
<livraison adresse="68" debutPlage="12:0:0" duree="900" finPlage="14:0:0"/>
<livraison adresse="59" debutPlage="13:0:0" duree="600" finPlage="14:0:0"/>
<livraison adresse="72" debutPlage="9:0:0" duree="900" finPlage="11:0:0"/>
<livraison adresse="29" duree="300"/>
<livraison adresse="66" duree="300"/>
<livraison adresse="56" duree="300"/>
<livraison adresse="47" debutPlage="12:0:0" duree="300" finPlage="14:0:0"/>
</demandeDeLivraisons>
